{
  "best_loss_mean_rel_abs": 0.06608002582377447,
  "weights": {
    "160": 5.0
  },
  "params": {
    "Q_TLS_0": 702034.9410710008,
    "beta1": 0.563376105447881,
    "beta2": 0.3143814591463343,
    "D": 1.077118450435848,
    "Q_other": 42738361.9738101,
    "A_QP": 450.43841565750085,
    "Tc": 6.033388744011494
  },
  "param_order": [
    "Q_TLS_0",
    "beta1",
    "beta2",
    "D",
    "Q_other",
    "A_QP",
    "Tc"
  ]
}