{
  "params": [
    1151563.892213318,
    3.6455963079762306,
    0.10212447921170992,
    482.2097573265119,
    786.1509110418532,
    10896358.270396365,
    5.66543143232585
  ],
  "mean_diff": 114900.3397686382
}