{
  "best_loss_mean_rel_abs": 0.06608002492993774,
  "weights": {
    "160": 5.0
  },
  "params": {
    "Q_TLS_0": 702034.6551861459,
    "beta1": 0.5633764887005552,
    "beta2": 0.31438141405954834,
    "D": 1.0771174419729732,
    "Q_other": 42738340.218672484,
    "A_QP": 450.4365658486021,
    "Tc": 6.0333925834457
  },
  "param_order": [
    "Q_TLS_0",
    "beta1",
    "beta2",
    "D",
    "Q_other",
    "A_QP",
    "Tc"
  ]
}