{
  "params": [
    1158930.9192502238,
    3.779947736107846,
    0.010212447921170995,
    4822.097573265119,
    756.9732640165543,
    10739676.362375969,
    5.699192472661679
  ],
  "mean_diff": 115196.97796386655
}