{
  "params": [
    601321.9518041075,
    14.681802606095836,
    0.0034227813393507803
  ],
  "loss": 7.165172162903351e-08,
  "attempt": 27061,
  "param_names": [
    "Q0_TLS",
    "Delta_over_kB(K)",
    "alpha"
  ],
  "threshold": 1e-08
}