{
  "params": [
    627447.3816231792,
    15.15305259891336,
    0.004171922908188887
  ],
  "loss": 7.069985210837748e-08,
  "attempt": 65890,
  "param_names": [
    "Q0_TLS",
    "Delta_over_kB(K)",
    "alpha"
  ],
  "threshold": 1e-08
}