{
  "params": [
    654308.2994121343,
    14.587341202751357,
    0.0029942278262270927
  ],
  "loss": 7.871178877268432e-08,
  "attempt": 104106,
  "param_names": [
    "Q0_TLS",
    "Delta_over_kB(K)",
    "alpha"
  ],
  "threshold": 1e-08
}