{
  "params": [
    591011.5690911759,
    14.26273637028527,
    0.002679645227901853
  ],
  "loss": 7.390002276777705e-08,
  "attempt": 95544,
  "param_names": [
    "Q0_TLS",
    "Delta_over_kB(K)",
    "alpha"
  ],
  "threshold": 1e-08
}